{
  "version": "3.0.0-feature-engineered",
  "modelType": "logistic",
  "inputSize": 8,
  "featureKeys": [
    "adv_fft_radialSlope",
    "metric_noisePattern",
    "adv_lbp_uniformity",
    "summary_HH_entropy",
    "metric_llSmoothness",
    "metric_lbpPattern",
    "adv_prnu_hfNoiseRatio",
    "wavelet_score"
  ],
  "mean": [
    0.3602883080448342,
    0.635033894113987,
    0.18952531645569629,
    0.630630102047431,
    0.2524316909976632,
    0.017318046810360022,
    0.005565371371431116,
    0.3702272575147193
  ],
  "std": [
    0.052455133558137385,
    0.2579529672157144,
    0.03947644128189116,
    0.05330823806026516,
    0.04181511687733013,
    0.06501792740003533,
    0.0032518354162865853,
    0.06152030904397529
  ],
  "threshold": 0.48,
  "blendAlpha": 1,
  "trainedAt": "2026-04-05T16:41:35.202Z",
  "W": [
    -0.16537226656635318,
    -0.12636960648711473,
    -0.11422306429722341,
    0.07063226852606774,
    0.12513568967537703,
    -0.05667372119266097,
    -0.059645489548114904,
    0.060209555926959604
  ],
  "b": -0.0009992041299107693
}