{
  "version": "3.0.0-feature-engineered",
  "modelType": "nn",
  "inputSize": 16,
  "featureKeys": [
    "px_0070",
    "px_0115",
    "adv_glcm_homogeneity",
    "px_0254",
    "px_0042",
    "px_0099",
    "px_0076",
    "px_0104",
    "px_0238",
    "px_0053",
    "px_0004",
    "px_0153",
    "px_0176",
    "px_0106",
    "px_0214",
    "px_0052"
  ],
  "mean": [
    0.5891472537998178,
    0.4014091530740321,
    0.5328706641697794,
    0.44679663562835875,
    0.37711675868699596,
    0.3679401604916601,
    0.38696301297843166,
    0.6915625922077349,
    0.4497317072268913,
    0.39679320696869996,
    0.529988272604129,
    0.6644251123566145,
    0.4772891578707894,
    0.609829948472617,
    0.5712636984601791,
    0.3927142189906116
  ],
  "std": [
    0.2045560662032834,
    0.2147241080845356,
    0.03484227545591523,
    0.2428149791414236,
    0.18771502984225066,
    0.20348581587220477,
    0.20124774104468046,
    0.17213025557208364,
    0.23426764714507586,
    0.1918791005744962,
    0.23319143553941082,
    0.16673544515576685,
    0.22130015558794086,
    0.18979198465369165,
    0.179736308468781,
    0.2090912491368512
  ],
  "threshold": 0.5,
  "blendAlpha": 1,
  "trainedAt": "2026-04-05T16:53:25.621Z",
  "hiddenSize": 24,
  "W1": [
    [
      0.05066073847190895,
      -0.03645782052620081,
      0.05646922111908492,
      0.06002727245286125,
      0.05177880329655501,
      0.0018543108194684218,
      -0.018211904190007337,
      0.01581735704416373,
      0.0034766966067419436,
      -0.02918721848323746,
      0.03228157699290221,
      -0.035500041179439897,
      -0.020774483552486876,
      -0.003579291687466096,
      0.03435140478287245,
      0.01453693001720906
    ],
    [
      -0.04965019056145826,
      0.03949271981754462,
      0.04833829277900445,
      0.012037336351491424,
      -0.04005133962976689,
      0.015242069725611599,
      -0.055404295219038384,
      -0.019665569503426173,
      -0.0018717992385841745,
      0.006281398889870176,
      0.02471400596949191,
      -0.05346069445523073,
      -0.04190572222011006,
      -0.00005298341351088865,
      -0.04996048185810087,
      0.02142823857716267
    ],
    [
      -0.005275234230827948,
      0.02560156248714639,
      0.006194184139891341,
      0.03620300152680489,
      -0.047925194273983056,
      0.0056129554404813365,
      0.051340372059799584,
      0.022746493127585175,
      0.02854561533192121,
      0.019689024792118055,
      0.03583921526312699,
      0.055981529463616383,
      0.0017409092539332816,
      0.0054873222515596535,
      0.022795634014944333,
      -0.016555570098203798
    ],
    [
      -0.027329447603383912,
      -0.0069884744203173935,
      -0.024690873100986478,
      -0.03249026724178946,
      0.013662938946104819,
      -0.04577592753046975,
      0.007226738942003595,
      -0.023528886094371215,
      0.022718517521502772,
      0.0005683650735748417,
      0.04597254833619573,
      -0.04327877626140617,
      0.010114493050282941,
      0.053723164523061015,
      -0.055123002991732103,
      0.058076918375544254
    ],
    [
      -0.014035045790452966,
      -0.039584694408059916,
      0.005244853465541035,
      -0.04240068453077858,
      -0.0008785227734013661,
      -0.026139173378050832,
      0.008326511815559363,
      -0.05672318419353952,
      0.03194539083622166,
      -0.013185911910500153,
      0.021909585805700058,
      -0.03824173432627846,
      0.011206854277591782,
      0.0336835936772745,
      0.04054310646423731,
      0.04834069762437036
    ],
    [
      -0.04653757574467592,
      -0.02661511094244873,
      -0.0488734889544077,
      -0.045749931898124825,
      -0.036263992955728075,
      -0.03323434831227212,
      0.00666526401919272,
      -0.05069196512908116,
      0.0033605806710359314,
      0.021542411325079697,
      -0.0004712139592422236,
      0.00365136404128572,
      -0.05360723852882494,
      -0.0030655658679853196,
      0.053723221836390715,
      -0.0025398502362647683
    ],
    [
      0.014240089053240963,
      0.023274993767616298,
      -0.04897931105455692,
      0.00066589875513456,
      0.009227481632509124,
      -0.024797101518743925,
      0.04794849155874461,
      -0.05589724334197366,
      0.04720209662117152,
      0.008278525117722499,
      -0.008288399265242264,
      -0.037043124137061297,
      0.008734738219053762,
      -0.01252872775493394,
      -0.04282363271887134,
      -0.010902228137881845
    ],
    [
      0.04279531015081186,
      -0.031418589403711644,
      -0.04404979442488755,
      -0.04670192910889289,
      -0.023942468382256707,
      -0.03910843304394704,
      -0.03771383255850426,
      0.051535803609327475,
      0.05037488556063595,
      -0.052448544590513235,
      -0.0199054842862331,
      0.05817893357285775,
      0.0017167686545164961,
      -0.011335577767258352,
      0.04878079284691647,
      -0.038583516156074894
    ],
    [
      0.023877014872117446,
      -0.058947858093436646,
      -0.029386871132860294,
      -0.01517102742883612,
      -0.02247607251066846,
      -0.010007461790409984,
      -0.03174859743026032,
      -0.03711666712035678,
      0.04270773387596088,
      0.030342913753376846,
      -0.038039336154682454,
      0.05554056664943994,
      -0.030867262797133827,
      -0.024246999899607203,
      0.05133591190526495,
      0.0275226697354194
    ],
    [
      0.02170976358410669,
      0.0026250811223310767,
      -0.039861654524377864,
      -0.012311406633836156,
      0.013622452358262732,
      0.048443848925301826,
      -0.02297607952907512,
      0.01632239481568049,
      -0.011244282306858863,
      0.007468971492130546,
      0.05357690557149699,
      0.030292606348014468,
      -0.0173958725209025,
      0.05725421788792119,
      -0.017496677749587866,
      -0.05355103282455256
    ],
    [
      0.0006342710217422207,
      0.04021586909307723,
      -0.005392814635033787,
      0.007137664857517105,
      0.05031534294654868,
      -0.028874973472029802,
      -0.04350112490735239,
      0.03631049329744684,
      0.03851595118595498,
      0.03830810837211943,
      0.04105885689558694,
      -0.031068087806186768,
      -0.056106724226744106,
      0.052195245285820834,
      0.04356417809168198,
      0.04852880702035698
    ],
    [
      -0.03576727404037218,
      -0.010560990902232833,
      0.04060653854319102,
      -0.012978369326279424,
      0.05931890360758177,
      0.009465876613796066,
      0.049414052075378266,
      0.018222359414778965,
      -0.007530790409374014,
      0.010579641959386267,
      0.0009297854259414428,
      0.036206969989300654,
      -0.058245799887415,
      0.05403341541208778,
      0.006216814436840888,
      0.05565053370165814
    ],
    [
      0.054698354303162416,
      -0.007842441292105663,
      -0.0541234031866498,
      -0.02742710285236189,
      -0.04873768341218534,
      0.001067882819957749,
      0.04133332719938793,
      -0.042186391289039685,
      0.016960463467092363,
      0.005591326383374226,
      0.05473386014937545,
      -0.004830062707361408,
      0.059180997977560726,
      0.0221349015334269,
      0.017136911605005956,
      -0.04857889666489041
    ],
    [
      0.004538342646915704,
      -0.014346642615283477,
      -0.036563479769322116,
      0.04883794794087346,
      -0.011012649062368018,
      -0.0122727618506843,
      -0.04743216681414856,
      0.008339799057877406,
      -0.06042554682334883,
      -0.02578232275326193,
      -0.03946879408154453,
      0.015081124376367314,
      0.017004427283011422,
      -0.042184254577828054,
      -0.004383271885437861,
      -0.014375567172075825
    ],
    [
      0.008709357506715325,
      0.040427550230932446,
      -0.015213365783943998,
      0.03870137341942068,
      -0.033396541145905886,
      -0.022980970235305608,
      0.011419888045829498,
      -0.050522913169385904,
      -0.024514383033221687,
