{
  "version": "3.0.0-feature-engineered",
  "modelType": "logistic",
  "inputSize": 3,
  "featureKeys": [
    "adv_glcm_energy",
    "adv_dct_slope",
    "adv_lbp_entropy"
  ],
  "mean": [
    0.1880442617556202,
    0.05605374312592542,
    0.8917948418011346
  ],
  "std": [
    0.0664875086334985,
    0.11739556396501884,
    0.020166629765083
  ],
  "threshold": 0.49,
  "blendAlpha": 1,
  "trainedAt": "2026-04-05T16:45:41.363Z",
  "W": [
    -0.1313037966656871,
    -0.15792277958628861,
    0.07412793600157787
  ],
  "b": -0.001548869018024972
}