{
  "version": "3.0.0-feature-engineered",
  "modelType": "logistic",
  "inputSize": 9,
  "featureKeys": [
    "metric_noisePattern",
    "summary_HH_entropy",
    "adv_glcm_homogeneity",
    "summary_avg_entropy",
    "adv_dct_slope",
    "wavelet_score",
    "adv_dct_midRatio",
    "adv_fft_radialSlope",
    "adv_prnu_strength"
  ],
  "mean": [
    0.6410747583681614,
    0.6314074065943364,
    0.5328706641697794,
    0.5971724822086367,
    0.0004809080272478704,
    0.3706165788995626,
    0.08893863206115134,
    0.35794867478623965,
    0.2046657745716927
  ],
  "std": [
    0.2557986631904387,
    0.05284420480901956,
    0.03484227545591523,
    0.042954222887507824,
    0.005304989338528023,
    0.0604405916022027,
    0.02416447175014443,
    0.05038226098289187,
    0.04720024873688576
  ],
  "threshold": 0.45,
  "blendAlpha": 1,
  "trainedAt": "2026-04-05T16:50:09.653Z",
  "W": [
    -0.16935614696610826,
    0.12419841737039919,
    -0.12921157949358555,
    0.06736241786641475,
    0.1244855618648961,
    0.07620375223099157,
    -0.07727815206171787,
    -0.07676742885460937,
    -0.0669954679769946
  ],
  "b": 0.00045457938446775666
}