{
  "version": "2.0.0-hybrid",
  "inputSize": 35,
  "hiddenSize": 12,
  "mean": [
    0.6549481304911541,
    0.7401863628607246,
    0.2686456356715209,
    0.2924005102254317,
    0.31144001222743256,
    0.771571169033476,
    0.026241315681464282,
    0.3222806899480416,
    0.2968976389917833,
    0.14834320334508652,
    0.3950853796303705,
    0.9960774094030702,
    0.0006200726045564952,
    0.0033025179923729595,
    0.3486053910934704,
    0.9959043429715833,
    0.5879773481088477,
    0.9275456492693085,
    0.5810410482179024,
    0.8916505201057591,
    0.20094210663355233,
    0.11384915254692676,
    0.08766094155978897,
    0.037355035515280986,
    0.39482717920463295,
    0.9425580125457191,
    0.03817783880909058,
    0.2750445316954798,
    0.010053395419278632,
    0.9537507212037944,
    1,
    0.5211526253692658,
    0.18756450489259063,
    0.47581216480191346,
    0.3242390273558504
  ],
  "std": [
    0.006107067907819171,
    0.215038574718363,
    0.032353837430848555,
    0.03571256628450519,
    0.319599681490253,
    0.00592764416183037,
    0.06536062863044521,
    0.16406851623197008,
    0.12963108530555267,
    0.07097339469992575,
    0.006590377637758013,
    0.0022975835526998474,
    0.0005102960992679329,
    0.0018408965856631138,
    0.14956464104917908,
    0.02130089436865081,
    0.05843688219962164,
    0.04294047701879136,
    0.04983433838878985,
    0.020270585061423037,
    0.03878702923294922,
    0.028438520868352746,
    0.03300956713264933,
    0.08110329593106441,
    0.05156365355257343,
    0.12685147716558953,
    0.020426873816503644,
    0.06887202641685226,
    0.005903770499974474,
    0.09109331846329304,
    1,
    0.03543330486901941,
    0.06824758452376298,
    0.014498830804715217,
    0.0625303890335862
  ],
  "W1": [
    [
      0.056378663785281724,
      -0.003901288559260278,
      -0.013559493916727634,
      0.009165729255514765,
      -0.013558829940374792,
      0.008702768279809772,
      -0.03625314487279912,
      0.056624990788117044,
      -0.027135878626383232,
      -0.019548429037671927,
      0.06256175823928818,
      0.038308058025247074,
      0.0027575983770358383,
      0.032498994951322406,
      -0.03927238568460245,
      0.07173126141832484,
      -0.060379281413459426,
      -0.011850168170042532,
      0.0733492193543713,
      -0.035435577038966534,
      -0.0518490164832512,
      0.024172605280672742,
      -0.03890437630372206,
      -0.014375801747744738,
      0.0002693544444021189,
      -0.05585015062233441,
      0.06867763870908973,
      0.043027394501537065,
      -0.06815015329184175,
      -0.05234396138783799,
      -0.06967755194054916,
      0.02293490829783255,
      -0.041489578712792616,
      -0.0727311513272135,
      0.034169910083033134
    ],
    [
      -0.008267905525112284,
      -0.021546395146382194,
      0.03755826471891021,
      0.040136585244727935,
      0.0671990233566067,
      0.02629796351030114,
      -0.06958503635968347,
      0.007461721011611202,
      -0.017181582793879012,
      -0.04901773581887736,
      -0.04024844125483708,
      -0.037786668742240834,
      -0.030745430153599845,
      -0.050798151956537564,
      0.017372537949882385,
      -0.06361329737426911,
      0.014337377859542925,
      -0.03959107000068116,
      -0.0010427201629156992,
      -0.026325671011007492,
      0.06961657048612141,
      0.06925332634483113,
      0.03147975440697421,
      -0.012446501556104684,
      0.004424430576558803,
      0.0696474121063303,
      0.07012171811438819,
      -0.03879900165901523,
      0.06749012147379248,
      -0.07058622535960304,
      -0.05737447938881814,
      -0.041106137539068756,
      -0.05386260617488758,
      0.0600156599099871,
      -0.06871664460959728
    ],
    [
      -0.055454329395882275,
      -0.04097781608659692,
      0.03240845331532669,
      -0.04862646818400786,
      0.049874385365545865,
      -0.06569274184392836,
      0.018780267586136476,
      0.018166779612666013,
      -0.004938997784259432,
      -0.04947611602794775,
      -0.020277323210582617,
      -0.023214435098841916,
      0.03494822114388245,
      -0.028640952051859455,
      -0.01593632821481234,
      -0.01331766371299715,
      -0.018741838307968453,
      -0.00048686579131594746,
      -0.02511033966232823,
      0.030266888798227632,
      -0.01662518355400337,
      -0.04782174496956825,
      -0.0030495863485446566,
      -0.018196915345419496,
      -0.0332686454156678,
      0.048462806232388154,
      -0.032758134982647555,
      0.016464338110465927,
      -0.029537128551874424,
      0.06968523594848625,
      0.04773565811337903,
      0.01230571398664573,
      0.030389206490553218,
      -0.07437552043048096,
      -0.06387217948789954
    ],
    [
      -0.0022833841776095883,
      0.0055177877654111,
      0.022614119911985055,
      0.0531010294239761,
      -0.0166734536990833,
      0.01322308461112553,
      0.032287884553385854,
      0.057055526075892135,
      0.017695301812182,
      0.044374421223858526,
      0.013848574552675571,
      -0.052558954387828635,
      0.0013015110670878255,
      -0.04955232350621382,
      -0.011027672425147425,
      -0.04949731914204016,
      0.0138931079645622,
      -0.05548888638505452,
      -0.06637895197275222,
      0.05498170260960274,
      0.03365835611204762,
      0.05426921244866882,
      -0.013563741570949408,
      -0.022050084284485506,
      0.0284413134171435,
      0.07141915645280024,
      -0.02456208243554154,
      -0.00036735435585288375,
      -0.024745430760651724,
      -0.05292506824886521,
      -0.061217903892975295,
      0.01914610000937545,
      -0.05665746464540189,
      0.02285995634732188,
      0.022280037751469226
    ],
    [
      -0.03863814049845141,
      0.060292632575043296,
      0.06098570949713685,
      0.017676398202003764,
      -0.04045167520181892,
      -0.02412255881705743,
      0.02844007836744182,
      0.019734605514176256,
      -0.040722097687552264,
      -0.004935094519051568,
      -0.0019642761209132096,
      0.015479311478017193,
      0.05181183105633684,
      0.02161525403156273,
      0.02960439981225203,
      -0.04289709517987686,
      0.03582890729361837,
      0.04453017935501795,
      -0.04480708634628087,
      -0.028293099581205194,
      0.026255267077951425,
      -0.02465889883189418,
      0.06355876808563046,
      0.03625700076347948,
      -0.0015664733581026052,
      0.020189836868119343,
      -0.014448683256747715,
      0.06617033461055702,
      0.035308994212514135,
      0.05123316050769436,
      -0.016397980065084992,
      0.05197226362762307,
      0.06307301165236215,
      -0.028823339807336135,
      -0.04887364272999864
    ],
    [
      0.0036106449263695385,
      -0.058926640843193205,
      0.01513727118339904,
      0.016887366855797732,
      0.04582488757161255,
      -0.0447102989016837,
      0.02476120056237154,
      0.05472387612192348,
      -0.060273047041789686,
      0.009843741528040935,
      -0.018935020220094384,
      0.03301114329011937,
      -0.03973789583592666,
      0.0706588225776489,
      -0.009891341214743268,
      -0.05793988269762069,
      -0.038776120127124655,
      0.03071326186576309,
      0.041721614680647376,
      0.04438484134512777,
      -0.02851971964603496,
      -0.002925390804782749,
      0.028186027275048143,
      -0.07059648437518783,
      0.019680244822308256,
      -0.07363391901778361,
      0.011793131857018788,
      -0.016997436937690714,
      0.003446480881104756,
      0.054231289110665354,
      0.037058540317229924,
      0.06360150652949151,
      0.06019669510684326,
      0.031534305464388464,
      -0.06773722990402221
    ],
    [
      -0.032605156904931105,
      0.06414139709716028,
      0.030809770749522975,
      0.02758579077103142,
      -0.030092372803699675,
      0.011801811385495865,
      0.07213963807243463,
      -0.003294143729622538,
