{
  "version": "3.0.0-feature-engineered",
  "modelType": "logistic",
  "inputSize": 18,
  "featureKeys": [
    "adv_dct_midRatio",
    "adv_glcm_homogeneity",
    "summary_LL_ratio",
    "metric_midFrequencyGap",
    "summary_mid_ratio",
    "metric_energyDistribution",
    "metric_dctBand",
    "adv_fft_radialSlope",
    "summary_HH_ratio",
    "adv_lbp_uniformity",
    "adv_prnu_hfNoiseRatio",
    "adv_glcm_energy",
    "metric_lbpPattern",
    "metric_noisePattern",
    "adv_dct_highRatio",
    "metric_llSmoothness",
    "adv_prnu_strength",
    "adv_lbp_entropy"
  ],
  "mean": [
    0.11839326100066086,
    0.5217322186277438,
    0.9957637542726525,
    0.7707526139456149,
    0.003565479629999017,
    0.6541761687862977,
    0.3046678514684664,
    0.4004068830224379,
    0.0006707660973494225,
    0.1998327992308922,
    0.011038019057254277,
    0.18796697973510476,
    0.024392054545639242,
    0.7349734033714789,
    0.0921393994434149,
    0.29232749599519725,
    0.28227474557282617,
    0.8913099178029147
  ],
  "std": [
    0.03174479559694829,
    0.036532160207008064,
    0.0027729226351982813,
    0.007156372042823414,
    0.0022256206280575823,
    0.007362033892555137,
    0.1686722679437786,
    0.05241579179849334,
    0.0006159154316563462,
    0.03884058646462093,
    0.0074385999272667345,
    0.06727716495636615,
    0.0670896470499968,
    0.220936899193827,
    0.03854763964574625,
    0.033708061826402645,
    0.0745931403219898,
    0.020630786763226442
  ],
  "threshold": 0.41,
  "blendAlpha": 1,
  "trainedAt": "2026-04-05T16:32:53.717Z",
  "W": [
    -0.09984721133813487,
    -0.10123342410516419,
    0.044007356969089646,
    0.04447903332604754,
    -0.045871881270804875,
    0.0409135837833502,
    0.09964018879421621,
    -0.11684887445809883,
    -0.032366860306208625,
    -0.1001278911525598,
    0.044275367120331185,
    0.02194410551964046,
    -0.046746607826441314,
    -0.13844049097263944,
    0.05339951137144851,
    0.08938799042786758,
    0.03551465910032755,
    0.006821077257390476
  ],
  "b": -0.005383752965995919
}