{
  "version": "3.0.0-feature-engineered",
  "modelType": "logistic",
  "inputSize": 22,
  "featureKeys": [
    "adv_dct_midRatio",
    "metric_dctBand",
    "adv_lbp_uniformity",
    "adv_dct_highRatio",
    "adv_glcm_homogeneity",
    "metric_lbpPattern",
    "summary_mid_ratio",
    "adv_glcm_energy",
    "metric_midFrequencyGap",
    "adv_fft_radialSlope",
    "summary_LL_ratio",
    "metric_energyDistribution",
    "adv_dct_slope",
    "adv_prnu_strength",
    "adv_prnu_hfNoiseRatio",
    "metric_llSmoothness",
    "adv_lbp_entropy",
    "summary_HH_ratio",
    "summary_HL_LH_ratio",
    "wavelet_score",
    "metric_interScaleCorrelation",
    "summary_avg_entropy"
  ],
  "mean": [
    0.11859193386410316,
    0.3049415270199579,
    0.1997093214228491,
    0.09310285875546051,
    0.5216902684447999,
    0.023220101885860284,
    0.0036554117422847817,
    0.1880442617556202,
    0.770455515739227,
    0.4009449057163291,
    0.9956479077556778,
    0.6538616315821989,
    0.05605374312592542,
    0.28396153134750857,
    0.011328254353972386,
    0.29299382359055764,
    0.8917948418011346,
    0.0006966805020377741,
    0.354702028199078,
    0.323233439818298,
    0.267904711293248,
    0.5810567614736184
  ],
  "std": [
    0.03304598289793649,
    0.1721532839027796,
    0.037506616071580075,
    0.04112287064780662,
    0.03669491318127046,
    0.06261262101093718,
    0.0025202062288084263,
    0.0664875086334985,
    0.008172400413520771,
    0.05386204871228138,
    0.003174255273041119,
    0.0085332148521438,
    0.11739556396501884,
    0.07771570459686912,
    0.008465316654029283,
    0.03299781858931697,
    0.020166629765083,
    0.0007272051969367868,
    0.16386297606983038,
    0.06458527512882013,
    0.034837369942250514,
    0.049754683877931756
  ],
  "threshold": 0.37,
  "blendAlpha": 1,
  "trainedAt": "2026-04-05T16:37:44.372Z",
  "W": [
    -0.20615338904907624,
    0.1455635897656186,
    -0.14424070593446595,
    -0.022300116996664877,
    -0.12365914287332616,
    -0.05073480650902322,
    -0.07754318884791464,
    0.01225831425521473,
    0.05267189187336148,
    -0.02300458300031829,
    0.04541658962102915,
    0.005834890067259886,
    0.054149522051302884,
    0.04695196952161681,
    0.055765004273427246,
    0.07409395841607797,
    -0.0075374963811800045,
    0.07048986315193213,
    -0.16071207311968175,
    0.06465817552944438,
    -0.19196882678629795,
    0.0688715328400612
  ],
  "b": -0.00407420981074756
}